Dataset Reg ID,Dataset Name,Dataset Schema Version,Virtual Folder Name,Datasource URI,Attribute Name,Attribute Value Sequence,Attribute Category Value,Frequency_Count
DSET000114,Single-Family Historical Loan Performance,1,Single_Family_S3,s3-us-east-2,amrt_mnths,1,,9500
DSET000114,Single-Family Historical Loan Performance,1,Single_Family_S3,s3-us-east-2,amrt_type,1,FRM,9499
DSET000114,Single-Family Historical Loan Performance,1,Single_Family_S3,s3-us-east-2,amrt_type,2,25,1
DSET000114,Single-Family Historical Loan Performance,1,Single_Family_S3,s3-us-east-2,brwr_ocsr,1,765,228
DSET000114,Single-Family Historical Loan Performance,1,Single_Family_S3,s3-us-east-2,brwr_ocsr,2,781,196
DSET000114,Single-Family Historical Loan Performance,1,Single_Family_S3,s3-us-east-2,brwr_ocsr,3,801,183
DSET000114,Single-Family Historical Loan Performance,1,Single_Family_S3,s3-us-east-2,brwr_ocsr,4,762,183
DSET000114,Single-Family Historical Loan Performance,1,Single_Family_S3,s3-us-east-2,brwr_ocsr,5,776,173
DSET000114,Single-Family Historical Loan Performance,1,Single_Family_S3,s3-us-east-2,brwr_ocsr,6,786,171
DSET000114,Single-Family Historical Loan Performance,1,Single_Family_S3,s3-us-east-2,brwr_ocsr,7,790,170
DSET000114,Single-Family Historical Loan Performance,1,Single_Family_S3,s3-us-east-2,brwr_ocsr,8,808,157
DSET000114,Single-Family Historical Loan Performance,1,Single_Family_S3,s3-us-east-2,brwr_ocsr,9,792,156
DSET000114,Single-Family Historical Loan Performance,1,Single_Family_S3,s3-us-east-2,brwr_ocsr,10,766,148
DSET000114,Single-Family Historical Loan Performance,1,Single_Family_S3,s3-us-east-2,brwr_ocsr,11,753,140
DSET000114,Single-Family Historical Loan Performance,1,Single_Family_S3,s3-us-east-2,brwr_ocsr,12,750,139
DSET000114,Single-Family Historical Loan Performance,1,Single_Family_S3,s3-us-east-2,brwr_ocsr,13,783,132
DSET000114,Single-Family Historical Loan Performance,1,Single_Family_S3,s3-us-east-2,brwr_ocsr,14,773,130
DSET000114,Single-Family Historical Loan Performance,1,Single_Family_S3,s3-us-east-2,brwr_ocsr,15,746,128
DSET000114,Single-Family Historical Loan Performance,1,Single_Family_S3,s3-us-east-2,brwr_ocsr,16,791,123
DSET000114,Single-Family Historical Loan Performance,1,Single_Family_S3,s3-us-east-2,brwr_ocsr,17,797,119
DSET000114,Single-Family Historical Loan Performance,1,Single_Family_S3,s3-us-east-2,brwr_ocsr,18,794,116
DSET000114,Single-Family Historical Loan Performance,1,Single_Family_S3,s3-us-east-2,brwr_ocsr,19,798,116
DSET000114,Single-Family Historical Loan Performance,1,Single_Family_S3,s3-us-east-2,brwr_ocsr,20,780,115
DSET000114,Single-Family Historical Loan Performance,1,Single_Family_S3,s3-us-east-2,channel,1,R,6625
DSET000114,Single-Family Historical Loan Performance,1,Single_Family_S3,s3-us-east-2,channel,2,C,1606
DSET000114,Single-Family Historical Loan Performance,1,Single_Family_S3,s3-us-east-2,channel,3,B,1269
DSET000114,Single-Family Historical Loan Performance,1,Single_Family_S3,s3-us-east-2,co_brwr_ocsr,1,776,177
DSET000114,Single-Family Historical Loan Performance,1,Single_Family_S3,s3-us-east-2,co_brwr_ocsr,2,765,120
DSET000114,Single-Family Historical Loan Performance,1,Single_Family_S3,s3-us-east-2,co_brwr_ocsr,3,793,108
DSET000114,Single-Family Historical Loan Performance,1,Single_Family_S3,s3-us-east-2,co_brwr_ocsr,4,786,107
DSET000114,Single-Family Historical Loan Performance,1,Single_Family_S3,s3-us-east-2,co_brwr_ocsr,5,726,103
DSET000114,Single-Family Historical Loan Performance,1,Single_Family_S3,s3-us-east-2,co_brwr_ocsr,6,709,96
DSET000114,Single-Family Historical Loan Performance,1,Single_Family_S3,s3-us-east-2,co_brwr_ocsr,7,801,95
DSET000114,Single-Family Historical Loan Performance,1,Single_Family_S3,s3-us-east-2,co_brwr_ocsr,8,778,93
DSET000114,Single-Family Historical Loan Performance,1,Single_Family_S3,s3-us-east-2,co_brwr_ocsr,9,794,92
DSET000114,Single-Family Historical Loan Performance,1,Single_Family_S3,s3-us-east-2,co_brwr_ocsr,10,690,91
DSET000114,Single-Family Historical Loan Performance,1,Single_Family_S3,s3-us-east-2,co_brwr_ocsr,11,770,89
DSET000114,Single-Family Historical Loan Performance,1,Single_Family_S3,s3-us-east-2,co_brwr_ocsr,12,686,81
DSET000114,Single-Family Historical Loan Performance,1,Single_Family_S3,s3-us-east-2,co_brwr_ocsr,13,812,81
DSET000114,Single-Family Historical Loan Performance,1,Single_Family_S3,s3-us-east-2,co_brwr_ocsr,14,773,79
DSET000114,Single-Family Historical Loan Performance,1,Single_Family_S3,s3-us-east-2,co_brwr_ocsr,15,809,75
DSET000114,Single-Family Historical Loan Performance,1,Single_Family_S3,s3-us-east-2,co_brwr_ocsr,16,802,71
DSET000114,Single-Family Historical Loan Performance,1,Single_Family_S3,s3-us-east-2,co_brwr_ocsr,17,799,70
DSET000114,Single-Family Historical Loan Performance,1,Single_Family_S3,s3-us-east-2,co_brwr_ocsr,18,787,69
DSET000114,Single-Family Historical Loan Performance,1,Single_Family_S3,s3-us-east-2,co_brwr_ocsr,19,752,66
DSET000114,Single-Family Historical Loan Performance,1,Single_Family_S3,s3-us-east-2,co_brwr_ocsr,20,817,65
DSET000114,Single-Family Historical Loan Performance,1,Single_Family_S3,s3-us-east-2,curr_dlq_status,1,0,9179
DSET000114,Single-Family Historical Loan Performance,1,Single_Family_S3,s3-us-east-2,curr_dlq_status,2,1,118
DSET000114,Single-Family Historical Loan Performance,1,Single_Family_S3,s3-us-east-2,curr_dlq_status,3,2,27
DSET000114,Single-Family Historical Loan Performance,1,Single_Family_S3,s3-us-east-2,curr_dlq_status,4,4,24
DSET000114,Single-Family Historical Loan Performance,1,Single_Family_S3,s3-us-east-2,curr_dlq_status,5,3,18
DSET000114,Single-Family Historical Loan Performance,1,Single_Family_S3,s3-us-east-2,curr_dlq_status,6,7,14
DSET000114,Single-Family Historical Loan Performance,1,Single_Family_S3,s3-us-east-2,curr_dlq_status,7,6,14
DSET000114,Single-Family Historical Loan Performance,1,Single_Family_S3,s3-us-east-2,curr_dlq_status,8,5,12
DSET000114,Single-Family Historical Loan Performance,1,Single_Family_S3,s3-us-east-2,curr_dlq_status,9,8,9
DSET000114,Single-Family Historical Loan Performance,1,Single_Family_S3,s3-us-east-2,curr_dlq_status,10,,9
DSET000114,Single-Family Historical Loan Performance,1,Single_Family_S3,s3-us-east-2,curr_dlq_status,11,10,6
DSET000114,Single-Family Historical Loan Performance,1,Single_Family_S3,s3-us-east-2,curr_dlq_status,12,14,5
DSET000114,Single-Family Historical Loan Performance,1,Single_Family_S3,s3-us-east-2,curr_dlq_status,13,23,4
DSET000114,Single-Family Historical Loan Performance,1,Single_Family_S3,s3-us-east-2,curr_dlq_status,14,11,4
DSET000114,Single-Family Historical Loan Performance,1,Single_Family_S3,s3-us-east-2,curr_dlq_status,15,12,4
DSET000114,Single-Family Historical Loan Performance,1,Single_Family_S3,s3-us-east-2,curr_dlq_status,16,16,4
DSET000114,Single-Family Historical Loan Performance,1,Single_Family_S3,s3-us-east-2,curr_dlq_status,17,9,4
DSET000114,Single-Family Historical Loan Performance,1,Single_Family_S3,s3-us-east-2,curr_dlq_status,18,29,3
DSET000114,Single-Family Historical Loan Performance,1,Single_Family_S3,s3-us-east-2,curr_dlq_status,19,30,3
DSET000114,Single-Family Historical Loan Performance,1,Single_Family_S3,s3-us-east-2,curr_dlq_status,20,26,3
DSET000114,Single-Family Historical Loan Performance,1,Single_Family_S3,s3-us-east-2,curr_int_rate,1,3.375,463
DSET000114,Single-Family Historical Loan Performance,1,Single_Family_S3,s3-us-east-2,curr_int_rate,2,2.875,429
DSET000114,Single-Family Historical Loan Performance,1,Single_Family_S3,s3-us-east-2,curr_int_rate,3,3.125,409
DSET000114,Single-Family Historical Loan Performance,1,Single_Family_S3,s3-us-east-2,curr_int_rate,4,3,382
DSET000114,Single-Family Historical Loan Performance,1,Single_Family_S3,s3-us-east-2,curr_int_rate,5,4.25,344
DSET000114,Single-Family Historical Loan Performance,1,Single_Family_S3,s3-us-east-2,curr_int_rate,6,3.75,333
DSET000114,Single-Family Historical Loan Performance,1,Single_Family_S3,s3-us-east-2,curr_int_rate,7,3.625,330
DSET000114,Single-Family Historical Loan Performance,1,Single_Family_S3,s3-us-east-2,curr_int_rate,8,3.5,327
DSET000114,Single-Family Historical Loan Performance,1,Single_Family_S3,s3-us-east-2,curr_int_rate,9,3.25,327
DSET000114,Single-Family Historical Loan Performance,1,Single_Family_S3,s3-us-east-2,curr_int_rate,10,2.625,327
DSET000114,Single-Family Historical Loan Performance,1,Single_Family_S3,s3-us-east-2,curr_int_rate,11,2.99,273
DSET000114,Single-Family Historical Loan Performance,1,Single_Family_S3,s3-us-east-2,curr_int_rate,12,3.99,251
DSET000114,Single-Family Historical Loan Performance,1,Single_Family_S3,s3-us-east-2,curr_int_rate,13,6.625,235
DSET000114,Single-Family Historical Loan Performance,1,Single_Family_S3,s3-us-east-2,curr_int_rate,14,2.75,234
DSET000114,Single-Family Historical Loan Performance,1,Single_Family_S3,s3-us-east-2,curr_int_rate,15,4.125,233
DSET000114,Single-Family Historical Loan Performance,1,Single_Family_S3,s3-us-east-2,curr_int_rate,16,4.875,224
DSET000114,Single-Family Historical Loan Performance,1,Single_Family_S3,s3-us-east-2,curr_int_rate,17,5.25,222
DSET000114,Single-Family Historical Loan Performance,1,Single_Family_S3,s3-us-east-2,curr_int_rate,18,4.5,195
DSET000114,Single-Family Historical Loan Performance,1,Single_Family_S3,s3-us-east-2,curr_int_rate,19,4,171
DSET000114,Single-Family Historical Loan Performance,1,Single_Family_S3,s3-us-east-2,curr_int_rate,20,5.125,168
DSET000114,Single-Family Historical Loan Performance,1,Single_Family_S3,s3-us-east-2,curr_schedule_prinicipal,1,,9500
DSET000114,Single-Family Historical Loan Performance,1,Single_Family_S3,s3-us-east-2,dti,1,45,612
DSET000114,Single-Family Historical Loan Performance,1,Single_Family_S3,s3-us-east-2,dti,2,38,462
DSET000114,Single-Family Historical Loan Performance,1,Single_Family_S3,s3-us-east-2,dti,3,41,422
DSET000114,Single-Family Historical Loan Performance,1,Single_Family_S3,s3-us-east-2,dti,4,43,413
DSET000114,Single-Family Historical Loan Performance,1,Single_Family_S3,s3-us-east-2,dti,5,48,388
DSET000114,Single-Family Historical Loan Performance,1,Single_Family_S3,s3-us-east-2,dti,6,39,375
DSET000114,Single-Family Historical Loan Performance,1,Single_Family_S3,s3-us-east-2,dti,7,35,375
DSET000114,Single-Family Historical Loan Performance,1,Single_Family_S3,s3-us-east-2,dti,8,30,343
DSET000114,Single-Family Historical Loan Performance,1,Single_Family_S3,s3-us-east-2,dti,9,34,340
DSET000114,Single-Family Historical Loan Performance,1,Single_Family_S3,s3-us-east-2,dti,10,40,335
DSET000114,Single-Family Historical Loan Performance,1,Single_Family_S3,s3-us-east-2,dti,11,44,335
DSET000114,Single-Family Historical Loan Performance,1,Single_Family_S3,s3-us-east-2,dti,12,36,314
DSET000114,Single-Family Historical Loan Performance,1,Single_Family_S3,s3-us-east-2,dti,13,25,306
DSET000114,Single-Family Historical Loan Performance,1,Single_Family_S3,s3-us-east-2,dti,14,26,303
DSET000114,Single-Family Historical Loan Performance,1,Single_Family_S3,s3-us-east-2,dti,15,49,301
DSET000114,Single-Family Historical Loan Performance,1,Single_Family_S3,s3-us-east-2,dti,16,50,298
DSET000114,Single-Family Historical Loan Performance,1,Single_Family_S3,s3-us-east-2,dti,17,37,266
DSET000114,Single-Family Historical Loan Performance,1,Single_Family_S3,s3-us-east-2,dti,18,42,266
DSET000114,Single-Family Historical Loan Performance,1,Single_Family_S3,s3-us-east-2,dti,19,27,256
DSET000114,Single-Family Historical Loan Performance,1,Single_Family_S3,s3-us-east-2,dti,20,46,252
DSET000114,Single-Family Historical Loan Performance,1,Single_Family_S3,s3-us-east-2,fnma_ln,1,1.00056E+11,55
DSET000114,Single-Family Historical Loan Performance,1,Single_Family_S3,s3-us-east-2,fnma_ln,2,1.00045E+11,55
DSET000114,Single-Family Historical Loan Performance,1,Single_Family_S3,s3-us-east-2,fnma_ln,3,1.00024E+11,55
DSET000114,Single-Family Historical Loan Performance,1,Single_Family_S3,s3-us-east-2,fnma_ln,4,1.00041E+11,55
DSET000114,Single-Family Historical Loan Performance,1,Single_Family_S3,s3-us-east-2,fnma_ln,5,1.00013E+11,54
DSET000114,Single-Family Historical Loan Performance,1,Single_Family_S3,s3-us-east-2,fnma_ln,6,1.00024E+11,52
DSET000114,Single-Family Historical Loan Performance,1,Single_Family_S3,s3-us-east-2,fnma_ln,7,1.00001E+11,52
DSET000114,Single-Family Historical Loan Performance,1,Single_Family_S3,s3-us-east-2,fnma_ln,8,1.00012E+11,52
DSET000114,Single-Family Historical Loan Performance,1,Single_Family_S3,s3-us-east-2,fnma_ln,9,97473078,51
DSET000114,Single-Family Historical Loan Performance,1,Single_Family_S3,s3-us-east-2,fnma_ln,10,97473068,51
DSET000114,Single-Family Historical Loan Performance,1,Single_Family_S3,s3-us-east-2,fnma_ln,11,97473070,51
DSET000114,Single-Family Historical Loan Performance,1,Single_Family_S3,s3-us-east-2,fnma_ln,12,1.00056E+11,51
DSET000114,Single-Family Historical Loan Performance,1,Single_Family_S3,s3-us-east-2,fnma_ln,13,97473075,51
DSET000114,Single-Family Historical Loan Performance,1,Single_Family_S3,s3-us-east-2,fnma_ln,14,97473065,51
DSET000114,Single-Family Historical Loan Performance,1,Single_Family_S3,s3-us-east-2,fnma_ln,15,97473062,51
DSET000114,Single-Family Historical Loan Performance,1,Single_Family_S3,s3-us-east-2,fnma_ln,16,98146724,48
DSET000114,Single-Family Historical Loan Performance,1,Single_Family_S3,s3-us-east-2,fnma_ln,17,98146728,48
DSET000114,Single-Family Historical Loan Performance,1,Single_Family_S3,s3-us-east-2,fnma_ln,18,98146741,48
DSET000114,Single-Family Historical Loan Performance,1,Single_Family_S3,s3-us-east-2,fnma_ln,19,98146726,48
DSET000114,Single-Family Historical Loan Performance,1,Single_Family_S3,s3-us-east-2,fnma_ln,20,1.00021E+11,47
DSET000114,Single-Family Historical Loan Performance,1,Single_Family_S3,s3-us-east-2,frst_hb_indicator,1,N,6513
DSET000114,Single-Family Historical Loan Performance,1,Single_Family_S3,s3-us-east-2,frst_hb_indicator,2,Y,2986
DSET000114,Single-Family Historical Loan Performance,1,Single_Family_S3,s3-us-east-2,frst_hb_indicator,3,722,1
DSET000114,Single-Family Historical Loan Performance,1,Single_Family_S3,s3-us-east-2,frst_pay_dt,1,112019,381
DSET000114,Single-Family Historical Loan Performance,1,Single_Family_S3,s3-us-east-2,frst_pay_dt,2,82019,375
DSET000114,Single-Family Historical Loan Performance,1,Single_Family_S3,s3-us-east-2,frst_pay_dt,3,112021,339
DSET000114,Single-Family Historical Loan Performance,1,Single_Family_S3,s3-us-east-2,frst_pay_dt,4,82021,311
DSET000114,Single-Family Historical Loan Performance,1,Single_Family_S3,s3-us-east-2,frst_pay_dt,5,112020,303
DSET000114,Single-Family Historical Loan Performance,1,Single_Family_S3,s3-us-east-2,frst_pay_dt,6,82023,300
DSET000114,Single-Family Historical Loan Performance,1,Single_Family_S3,s3-us-east-2,frst_pay_dt,7,22023,300
DSET000114,Single-Family Historical Loan Performance,1,Single_Family_S3,s3-us-east-2,frst_pay_dt,8,52023,295
DSET000114,Single-Family Historical Loan Performance,1,Single_Family_S3,s3-us-east-2,frst_pay_dt,9,82020,291
DSET000114,Single-Family Historical Loan Performance,1,Single_Family_S3,s3-us-east-2,frst_pay_dt,10,32021,288
DSET000114,Single-Family Historical Loan Performance,1,Single_Family_S3,s3-us-east-2,frst_pay_dt,11,22021,286
DSET000114,Single-Family Historical Loan Performance,1,Single_Family_S3,s3-us-east-2,frst_pay_dt,12,22020,275
DSET000114,Single-Family Historical Loan Performance,1,Single_Family_S3,s3-us-east-2,frst_pay_dt,13,52020,269
DSET000114,Single-Family Historical Loan Performance,1,Single_Family_S3,s3-us-east-2,frst_pay_dt,14,112022,265
DSET000114,Single-Family Historical Loan Performance,1,Single_Family_S3,s3-us-east-2,frst_pay_dt,15,82022,250
DSET000114,Single-Family Historical Loan Performance,1,Single_Family_S3,s3-us-east-2,frst_pay_dt,16,22022,248
DSET000114,Single-Family Historical Loan Performance,1,Single_Family_S3,s3-us-east-2,frst_pay_dt,17,72019,242
DSET000114,Single-Family Historical Loan Performance,1,Single_Family_S3,s3-us-east-2,frst_pay_dt,18,62022,229
DSET000114,Single-Family Historical Loan Performance,1,Single_Family_S3,s3-us-east-2,frst_pay_dt,19,122020,227
DSET000114,Single-Family Historical Loan Performance,1,Single_Family_S3,s3-us-east-2,frst_pay_dt,20,62019,225
DSET000114,Single-Family Historical Loan Performance,1,Single_Family_S3,s3-us-east-2,IO_ind,1,N,9500
DSET000114,Single-Family Historical Loan Performance,1,Single_Family_S3,s3-us-east-2,IO_int_pay_dt,1,,9499
DSET000114,Single-Family Historical Loan Performance,1,Single_Family_S3,s3-us-east-2,IO_int_pay_dt,2,N,1
DSET000114,Single-Family Historical Loan Performance,1,Single_Family_S3,s3-us-east-2,loan_age,1,1,630
DSET000114,Single-Family Historical Loan Performance,1,Single_Family_S3,s3-us-east-2,loan_age,2,2,602
DSET000114,Single-Family Historical Loan Performance,1,Single_Family_S3,s3-us-east-2,loan_age,3,0,512
DSET000114,Single-Family Historical Loan Performance,1,Single_Family_S3,s3-us-east-2,loan_age,4,3,508
DSET000114,Single-Family Historical Loan Performance,1,Single_Family_S3,s3-us-east-2,loan_age,5,4,485
DSET000114,Single-Family Historical Loan Performance,1,Single_Family_S3,s3-us-east-2,loan_age,6,5,463
DSET000114,Single-Family Historical Loan Performance,1,Single_Family_S3,s3-us-east-2,loan_age,7,6,410
DSET000114,Single-Family Historical Loan Performance,1,Single_Family_S3,s3-us-east-2,loan_age,8,7,383
DSET000114,Single-Family Historical Loan Performance,1,Single_Family_S3,s3-us-east-2,loan_age,9,8,376
DSET000114,Single-Family Historical Loan Performance,1,Single_Family_S3,s3-us-east-2,loan_age,10,9,336
DSET000114,Single-Family Historical Loan Performance,1,Single_Family_S3,s3-us-east-2,loan_age,11,10,318
DSET000114,Single-Family Historical Loan Performance,1,Single_Family_S3,s3-us-east-2,loan_age,12,11,297
DSET000114,Single-Family Historical Loan Performance,1,Single_Family_S3,s3-us-east-2,loan_age,13,12,268
DSET000114,Single-Family Historical Loan Performance,1,Single_Family_S3,s3-us-east-2,loan_age,14,13,255
DSET000114,Single-Family Historical Loan Performance,1,Single_Family_S3,s3-us-east-2,loan_age,15,14,242
DSET000114,Single-Family Historical Loan Performance,1,Single_Family_S3,s3-us-east-2,loan_age,16,15,221
DSET000114,Single-Family Historical Loan Performance,1,Single_Family_S3,s3-us-east-2,loan_age,17,16,210
DSET000114,Single-Family Historical Loan Performance,1,Single_Family_S3,s3-us-east-2,loan_age,18,17,192
DSET000114,Single-Family Historical Loan Performance,1,Single_Family_S3,s3-us-east-2,loan_age,19,18,178
DSET000114,Single-Family Historical Loan Performance,1,Single_Family_S3,s3-us-east-2,loan_age,20,19,174
DSET000114,Single-Family Historical Loan Performance,1,Single_Family_S3,s3-us-east-2,loan_purpose,1,P,5138
DSET000114,Single-Family Historical Loan Performance,1,Single_Family_S3,s3-us-east-2,loan_purpose,2,R,2615
DSET000114,Single-Family Historical Loan Performance,1,Single_Family_S3,s3-us-east-2,loan_purpose,3,C,1746
DSET000114,Single-Family Historical Loan Performance,1,Single_Family_S3,s3-us-east-2,loan_purpose,4,Y,1
DSET000114,Single-Family Historical Loan Performance,1,Single_Family_S3,s3-us-east-2,master_servicer,1,,9500
DSET000114,Single-Family Historical Loan Performance,1,Single_Family_S3,s3-us-east-2,maturity_dt,1,72049,386
DSET000114,Single-Family Historical Loan Performance,1,Single_Family_S3,s3-us-east-2,maturity_dt,2,102049,372
DSET000114,Single-Family Historical Loan Performance,1,Single_Family_S3,s3-us-east-2,maturity_dt,3,102050,279
DSET000114,Single-Family Historical Loan Performance,1,Single_Family_S3,s3-us-east-2,maturity_dt,4,72053,273
DSET000114,Single-Family Historical Loan Performance,1,Single_Family_S3,s3-us-east-2,maturity_dt,5,12053,272
DSET000114,Single-Family Historical Loan Performance,1,Single_Family_S3,s3-us-east-2,maturity_dt,6,42053,272
DSET000114,Single-Family Historical Loan Performance,1,Single_Family_S3,s3-us-east-2,maturity_dt,7,12050,259
DSET000114,Single-Family Historical Loan Performance,1,Single_Family_S3,s3-us-east-2,maturity_dt,8,22051,258
DSET000114,Single-Family Historical Loan Performance,1,Single_Family_S3,s3-us-east-2,maturity_dt,9,72051,255
DSET000114,Single-Family Historical Loan Performance,1,Single_Family_S3,s3-us-east-2,maturity_dt,10,102051,240
DSET000114,Single-Family Historical Loan Performance,1,Single_Family_S3,s3-us-east-2,maturity_dt,11,62049,237
DSET000114,Single-Family Historical Loan Performance,1,Single_Family_S3,s3-us-east-2,maturity_dt,12,112050,226
DSET000114,Single-Family Historical Loan Performance,1,Single_Family_S3,s3-us-east-2,maturity_dt,13,42035,225
DSET000114,Single-Family Historical Loan Performance,1,Single_Family_S3,s3-us-east-2,maturity_dt,14,102052,214
DSET000114,Single-Family Historical Loan Performance,1,Single_Family_S3,s3-us-east-2,maturity_dt,15,12051,209
DSET000114,Single-Family Historical Loan Performance,1,Single_Family_S3,s3-us-east-2,maturity_dt,16,72052,206
DSET000114,Single-Family Historical Loan Performance,1,Single_Family_S3,s3-us-east-2,maturity_dt,17,52052,192
DSET000114,Single-Family Historical Loan Performance,1,Single_Family_S3,s3-us-east-2,maturity_dt,18,52049,192
DSET000114,Single-Family Historical Loan Performance,1,Single_Family_S3,s3-us-east-2,maturity_dt,19,72050,190
DSET000114,Single-Family Historical Loan Performance,1,Single_Family_S3,s3-us-east-2,maturity_dt,20,12052,185
DSET000114,Single-Family Historical Loan Performance,1,Single_Family_S3,s3-us-east-2,mod_flag,1,N,9376
DSET000114,Single-Family Historical Loan Performance,1,Single_Family_S3,s3-us-east-2,mod_flag,2,,103
DSET000114,Single-Family Historical Loan Performance,1,Single_Family_S3,s3-us-east-2,mod_flag,3,Y,21
DSET000114,Single-Family Historical Loan Performance,1,Single_Family_S3,s3-us-east-2,mort_ins_cancel_indicator,1,,9500
DSET000114,Single-Family Historical Loan Performance,1,Single_Family_S3,s3-us-east-2,mort_ins_per,1,,5365
DSET000114,Single-Family Historical Loan Performance,1,Single_Family_S3,s3-us-east-2,mort_ins_per,2,25,1685
DSET000114,Single-Family Historical Loan Performance,1,Single_Family_S3,s3-us-east-2,mort_ins_per,3,30,1228
DSET000114,Single-Family Historical Loan Performance,1,Single_Family_S3,s3-us-east-2,mort_ins_per,4,12,894
DSET000114,Single-Family Historical Loan Performance,1,Single_Family_S3,s3-us-east-2,mort_ins_per,5,35,303
DSET000114,Single-Family Historical Loan Performance,1,Single_Family_S3,s3-us-east-2,mort_ins_per,6,16,21
DSET000114,Single-Family Historical Loan Performance,1,Single_Family_S3,s3-us-east-2,mort_ins_per,7,18,3
DSET000114,Single-Family Historical Loan Performance,1,Single_Family_S3,s3-us-east-2,mort_ins_per,8,844,1
DSET000114,Single-Family Historical Loan Performance,1,Single_Family_S3,s3-us-east-2,msa,1,35620,815
DSET000114,Single-Family Historical Loan Performance,1,Single_Family_S3,s3-us-east-2,msa,2,0,555
DSET000114,Single-Family Historical Loan Performance,1,Single_Family_S3,s3-us-east-2,msa,3,42660,384
DSET000114,Single-Family Historical Loan Performance,1,Single_Family_S3,s3-us-east-2,msa,4,16980,367
DSET000114,Single-Family Historical Loan Performance,1,Single_Family_S3,s3-us-east-2,msa,5,31080,339
DSET000114,Single-Family Historical Loan Performance,1,Single_Family_S3,s3-us-east-2,msa,6,12060,289
DSET000114,Single-Family Historical Loan Performance,1,Single_Family_S3,s3-us-east-2,msa,7,19100,286
DSET000114,Single-Family Historical Loan Performance,1,Single_Family_S3,s3-us-east-2,msa,8,26420,285
DSET000114,Single-Family Historical Loan Performance,1,Single_Family_S3,s3-us-east-2,msa,9,40140,250
DSET000114,Single-Family Historical Loan Performance,1,Single_Family_S3,s3-us-east-2,msa,10,14460,250
DSET000114,Single-Family Historical Loan Performance,1,Single_Family_S3,s3-us-east-2,msa,11,17140,234
DSET000114,Single-Family Historical Loan Performance,1,Single_Family_S3,s3-us-east-2,msa,12,33100,189
DSET000114,Single-Family Historical Loan Performance,1,Single_Family_S3,s3-us-east-2,msa,13,29820,181
DSET000114,Single-Family Historical Loan Performance,1,Single_Family_S3,s3-us-east-2,msa,14,47900,180
DSET000114,Single-Family Historical Loan Performance,1,Single_Family_S3,s3-us-east-2,msa,15,19740,179
DSET000114,Single-Family Historical Loan Performance,1,Single_Family_S3,s3-us-east-2,msa,16,33460,177
DSET000114,Single-Family Historical Loan Performance,1,Single_Family_S3,s3-us-east-2,msa,17,38060,168
DSET000114,Single-Family Historical Loan Performance,1,Single_Family_S3,s3-us-east-2,msa,18,41860,158
DSET000114,Single-Family Historical Loan Performance,1,Single_Family_S3,s3-us-east-2,msa,19,37980,135
DSET000114,Single-Family Historical Loan Performance,1,Single_Family_S3,s3-us-east-2,msa,20,41940,126
DSET000114,Single-Family Historical Loan Performance,1,Single_Family_S3,s3-us-east-2,mthy_rpt_per,1,72023,553
DSET000114,Single-Family Historical Loan Performance,1,Single_Family_S3,s3-us-east-2,mthy_rpt_per,2,82023,550
DSET000114,Single-Family Historical Loan Performance,1,Single_Family_S3,s3-us-east-2,mthy_rpt_per,3,92023,544
DSET000114,Single-Family Historical Loan Performance,1,Single_Family_S3,s3-us-east-2,mthy_rpt_per,4,42023,397
DSET000114,Single-Family Historical Loan Performance,1,Single_Family_S3,s3-us-east-2,mthy_rpt_per,5,52023,394
DSET000114,Single-Family Historical Loan Performance,1,Single_Family_S3,s3-us-east-2,mthy_rpt_per,6,62023,389
DSET000114,Single-Family Historical Loan Performance,1,Single_Family_S3,s3-us-east-2,mthy_rpt_per,7,12023,316
DSET000114,Single-Family Historical Loan Performance,1,Single_Family_S3,s3-us-east-2,mthy_rpt_per,8,22023,314
DSET000114,Single-Family Historical Loan Performance,1,Single_Family_S3,s3-us-east-2,mthy_rpt_per,9,32023,313
DSET000114,Single-Family Historical Loan Performance,1,Single_Family_S3,s3-us-east-2,mthy_rpt_per,10,112022,262
DSET000114,Single-Family Historical Loan Performance,1,Single_Family_S3,s3-us-east-2,mthy_rpt_per,11,102022,262
DSET000114,Single-Family Historical Loan Performance,1,Single_Family_S3,s3-us-east-2,mthy_rpt_per,12,122022,259
DSET000114,Single-Family Historical Loan Performance,1,Single_Family_S3,s3-us-east-2,mthy_rpt_per,13,72022,220
DSET000114,Single-Family Historical Loan Performance,1,Single_Family_S3,s3-us-east-2,mthy_rpt_per,14,82022,220
DSET000114,Single-Family Historical Loan Performance,1,Single_Family_S3,s3-us-east-2,mthy_rpt_per,15,92022,219
DSET000114,Single-Family Historical Loan Performance,1,Single_Family_S3,s3-us-east-2,mthy_rpt_per,16,42022,190
DSET000114,Single-Family Historical Loan Performance,1,Single_Family_S3,s3-us-east-2,mthy_rpt_per,17,62022,189
DSET000114,Single-Family Historical Loan Performance,1,Single_Family_S3,s3-us-east-2,mthy_rpt_per,18,52022,189
DSET000114,Single-Family Historical Loan Performance,1,Single_Family_S3,s3-us-east-2,mthy_rpt_per,19,22022,166
DSET000114,Single-Family Historical Loan Performance,1,Single_Family_S3,s3-us-east-2,mthy_rpt_per,20,12022,166
DSET000114,Single-Family Historical Loan Performance,1,Single_Family_S3,s3-us-east-2,num_brwr,1,1,4860
DSET000114,Single-Family Historical Loan Performance,1,Single_Family_S3,s3-us-east-2,num_brwr,2,2,4597
DSET000114,Single-Family Historical Loan Performance,1,Single_Family_S3,s3-us-east-2,num_brwr,3,3,42
DSET000114,Single-Family Historical Loan Performance,1,Single_Family_S3,s3-us-east-2,num_brwr,4,95,1
DSET000114,Single-Family Historical Loan Performance,1,Single_Family_S3,s3-us-east-2,num_unit,1,1,9419
DSET000114,Single-Family Historical Loan Performance,1,Single_Family_S3,s3-us-east-2,num_unit,2,2,75
DSET000114,Single-Family Historical Loan Performance,1,Single_Family_S3,s3-us-east-2,num_unit,3,4,5
DSET000114,Single-Family Historical Loan Performance,1,Single_Family_S3,s3-us-east-2,num_unit,4,,1
DSET000114,Single-Family Historical Loan Performance,1,Single_Family_S3,s3-us-east-2,occ_status,1,P,8849
DSET000114,Single-Family Historical Loan Performance,1,Single_Family_S3,s3-us-east-2,occ_status,2,I,450
DSET000114,Single-Family Historical Loan Performance,1,Single_Family_S3,s3-us-east-2,occ_status,3,S,200
DSET000114,Single-Family Historical Loan Performance,1,Single_Family_S3,s3-us-east-2,occ_status,4,1,1
DSET000114,Single-Family Historical Loan Performance,1,Single_Family_S3,s3-us-east-2,ocltv,1,95,1310
DSET000114,Single-Family Historical Loan Performance,1,Single_Family_S3,s3-us-east-2,ocltv,2,80,1182
DSET000114,Single-Family Historical Loan Performance,1,Single_Family_S3,s3-us-east-2,ocltv,3,90,874
DSET000114,Single-Family Historical Loan Performance,1,Single_Family_S3,s3-us-east-2,ocltv,4,97,537
DSET000114,Single-Family Historical Loan Performance,1,Single_Family_S3,s3-us-east-2,ocltv,5,85,467
DSET000114,Single-Family Historical Loan Performance,1,Single_Family_S3,s3-us-east-2,ocltv,6,75,444
DSET000114,Single-Family Historical Loan Performance,1,Single_Family_S3,s3-us-east-2,ocltv,7,70,317
DSET000114,Single-Family Historical Loan Performance,1,Single_Family_S3,s3-us-east-2,ocltv,8,89,170
DSET000114,Single-Family Historical Loan Performance,1,Single_Family_S3,s3-us-east-2,ocltv,9,69,167
DSET000114,Single-Family Historical Loan Performance,1,Single_Family_S3,s3-us-east-2,ocltv,10,83,158
DSET000114,Single-Family Historical Loan Performance,1,Single_Family_S3,s3-us-east-2,ocltv,11,72,156
DSET000114,Single-Family Historical Loan Performance,1,Single_Family_S3,s3-us-east-2,ocltv,12,60,150
DSET000114,Single-Family Historical Loan Performance,1,Single_Family_S3,s3-us-east-2,ocltv,13,64,147
DSET000114,Single-Family Historical Loan Performance,1,Single_Family_S3,s3-us-east-2,ocltv,14,68,127
DSET000114,Single-Family Historical Loan Performance,1,Single_Family_S3,s3-us-east-2,ocltv,15,55,118
DSET000114,Single-Family Historical Loan Performance,1,Single_Family_S3,s3-us-east-2,ocltv,16,71,117
DSET000114,Single-Family Historical Loan Performance,1,Single_Family_S3,s3-us-east-2,ocltv,17,58,116
DSET000114,Single-Family Historical Loan Performance,1,Single_Family_S3,s3-us-east-2,ocltv,18,63,105
DSET000114,Single-Family Historical Loan Performance,1,Single_Family_S3,s3-us-east-2,ocltv,19,93,102
DSET000114,Single-Family Historical Loan Performance,1,Single_Family_S3,s3-us-east-2,ocltv,20,65,101
DSET000114,Single-Family Historical Loan Performance,1,Single_Family_S3,s3-us-east-2,oltv,1,95,1276
DSET000114,Single-Family Historical Loan Performance,1,Single_Family_S3,s3-us-east-2,oltv,2,80,1192
DSET000114,Single-Family Historical Loan Performance,1,Single_Family_S3,s3-us-east-2,oltv,3,90,883
DSET000114,Single-Family Historical Loan Performance,1,Single_Family_S3,s3-us-east-2,oltv,4,97,534
DSET000114,Single-Family Historical Loan Performance,1,Single_Family_S3,s3-us-east-2,oltv,5,85,467
DSET000114,Single-Family Historical Loan Performance,1,Single_Family_S3,s3-us-east-2,oltv,6,75,444
DSET000114,Single-Family Historical Loan Performance,1,Single_Family_S3,s3-us-east-2,oltv,7,70,329
DSET000114,Single-Family Historical Loan Performance,1,Single_Family_S3,s3-us-east-2,oltv,8,69,184
DSET000114,Single-Family Historical Loan Performance,1,Single_Family_S3,s3-us-east-2,oltv,9,89,170
DSET000114,Single-Family Historical Loan Performance,1,Single_Family_S3,s3-us-east-2,oltv,10,60,168
DSET000114,Single-Family Historical Loan Performance,1,Single_Family_S3,s3-us-east-2,oltv,11,83,158
DSET000114,Single-Family Historical Loan Performance,1,Single_Family_S3,s3-us-east-2,oltv,12,72,156
DSET000114,Single-Family Historical Loan Performance,1,Single_Family_S3,s3-us-east-2,oltv,13,64,129
DSET000114,Single-Family Historical Loan Performance,1,Single_Family_S3,s3-us-east-2,oltv,14,71,123
DSET000114,Single-Family Historical Loan Performance,1,Single_Family_S3,s3-us-east-2,oltv,15,58,116
DSET000114,Single-Family Historical Loan Performance,1,Single_Family_S3,s3-us-east-2,oltv,16,63,105
DSET000114,Single-Family Historical Loan Performance,1,Single_Family_S3,s3-us-east-2,oltv,17,93,102
DSET000114,Single-Family Historical Loan Performance,1,Single_Family_S3,s3-us-east-2,oltv,18,65,101
DSET000114,Single-Family Historical Loan Performance,1,Single_Family_S3,s3-us-east-2,oltv,19,31,100
DSET000114,Single-Family Historical Loan Performance,1,Single_Family_S3,s3-us-east-2,oltv,20,57,100
DSET000114,Single-Family Historical Loan Performance,1,Single_Family_S3,s3-us-east-2,orig_dt,1,92019,397
DSET000114,Single-Family Historical Loan Performance,1,Single_Family_S3,s3-us-east-2,orig_dt,2,62019,375
DSET000114,Single-Family Historical Loan Performance,1,Single_Family_S3,s3-us-east-2,orig_dt,3,92021,339
DSET000114,Single-Family Historical Loan Performance,1,Single_Family_S3,s3-us-east-2,orig_dt,4,32023,319
DSET000114,Single-Family Historical Loan Performance,1,Single_Family_S3,s3-us-east-2,orig_dt,5,122022,318
DSET000114,Single-Family Historical Loan Performance,1,Single_Family_S3,s3-us-east-2,orig_dt,6,62021,311
DSET000114,Single-Family Historical Loan Performance,1,Single_Family_S3,s3-us-east-2,orig_dt,7,62023,303
DSET000114,Single-Family Historical Loan Performance,1,Single_Family_S3,s3-us-east-2,orig_dt,8,92020,303
DSET000114,Single-Family Historical Loan Performance,1,Single_Family_S3,s3-us-east-2,orig_dt,9,12021,288
DSET000114,Single-Family Historical Loan Performance,1,Single_Family_S3,s3-us-east-2,orig_dt,10,122020,286
DSET000114,Single-Family Historical Loan Performance,1,Single_Family_S3,s3-us-east-2,orig_dt,11,62022,280
DSET000114,Single-Family Historical Loan Performance,1,Single_Family_S3,s3-us-east-2,orig_dt,12,52019,271
DSET000114,Single-Family Historical Loan Performance,1,Single_Family_S3,s3-us-east-2,orig_dt,13,122019,267
DSET000114,Single-Family Historical Loan Performance,1,Single_Family_S3,s3-us-east-2,orig_dt,14,92022,265
DSET000114,Single-Family Historical Loan Performance,1,Single_Family_S3,s3-us-east-2,orig_dt,15,122021,248
DSET000114,Single-Family Historical Loan Performance,1,Single_Family_S3,s3-us-east-2,orig_dt,16,72020,247
DSET000114,Single-Family Historical Loan Performance,1,Single_Family_S3,s3-us-east-2,orig_dt,17,42022,229
DSET000114,Single-Family Historical Loan Performance,1,Single_Family_S3,s3-us-east-2,orig_dt,18,32020,227
DSET000114,Single-Family Historical Loan Performance,1,Single_Family_S3,s3-us-east-2,orig_dt,19,102020,227
DSET000114,Single-Family Historical Loan Performance,1,Single_Family_S3,s3-us-east-2,orig_dt,20,112020,223
DSET000114,Single-Family Historical Loan Performance,1,Single_Family_S3,s3-us-east-2,orig_int_rate,1,3.375,469
DSET000114,Single-Family Historical Loan Performance,1,Single_Family_S3,s3-us-east-2,orig_int_rate,2,2.875,432
DSET000114,Single-Family Historical Loan Performance,1,Single_Family_S3,s3-us-east-2,orig_int_rate,3,3.125,396
DSET000114,Single-Family Historical Loan Performance,1,Single_Family_S3,s3-us-east-2,orig_int_rate,4,3,385
DSET000114,Single-Family Historical Loan Performance,1,Single_Family_S3,s3-us-east-2,orig_int_rate,5,4.25,353
DSET000114,Single-Family Historical Loan Performance,1,Single_Family_S3,s3-us-east-2,orig_int_rate,6,3.75,339
DSET000114,Single-Family Historical Loan Performance,1,Single_Family_S3,s3-us-east-2,orig_int_rate,7,3.625,335
DSET000114,Single-Family Historical Loan Performance,1,Single_Family_S3,s3-us-east-2,orig_int_rate,8,3.5,329
DSET000114,Single-Family Historical Loan Performance,1,Single_Family_S3,s3-us-east-2,orig_int_rate,9,2.625,328
DSET000114,Single-Family Historical Loan Performance,1,Single_Family_S3,s3-us-east-2,orig_int_rate,10,3.25,327
DSET000114,Single-Family Historical Loan Performance,1,Single_Family_S3,s3-us-east-2,orig_int_rate,11,2.99,274
DSET000114,Single-Family Historical Loan Performance,1,Single_Family_S3,s3-us-east-2,orig_int_rate,12,3.99,254
DSET000114,Single-Family Historical Loan Performance,1,Single_Family_S3,s3-us-east-2,orig_int_rate,13,4.125,240
DSET000114,Single-Family Historical Loan Performance,1,Single_Family_S3,s3-us-east-2,orig_int_rate,14,6.625,236
DSET000114,Single-Family Historical Loan Performance,1,Single_Family_S3,s3-us-east-2,orig_int_rate,15,2.75,234
DSET000114,Single-Family Historical Loan Performance,1,Single_Family_S3,s3-us-east-2,orig_int_rate,16,4.875,231
DSET000114,Single-Family Historical Loan Performance,1,Single_Family_S3,s3-us-east-2,orig_int_rate,17,5.25,225
DSET000114,Single-Family Historical Loan Performance,1,Single_Family_S3,s3-us-east-2,orig_int_rate,18,4.5,197
DSET000114,Single-Family Historical Loan Performance,1,Single_Family_S3,s3-us-east-2,orig_int_rate,19,4,176
DSET000114,Single-Family Historical Loan Performance,1,Single_Family_S3,s3-us-east-2,orig_int_rate,20,5.125,168
DSET000114,Single-Family Historical Loan Performance,1,Single_Family_S3,s3-us-east-2,orig_term,1,360,8035
DSET000114,Single-Family Historical Loan Performance,1,Single_Family_S3,s3-us-east-2,orig_term,2,180,1043
DSET000114,Single-Family Historical Loan Performance,1,Single_Family_S3,s3-us-east-2,orig_term,3,240,185
DSET000114,Single-Family Historical Loan Performance,1,Single_Family_S3,s3-us-east-2,orig_term,4,120,88
DSET000114,Single-Family Historical Loan Performance,1,Single_Family_S3,s3-us-east-2,orig_term,5,348,39
DSET000114,Single-Family Historical Loan Performance,1,Single_Family_S3,s3-us-east-2,orig_term,6,264,39
DSET000114,Single-Family Historical Loan Performance,1,Single_Family_S3,s3-us-east-2,orig_term,7,300,29
DSET000114,Single-Family Historical Loan Performance,1,Single_Family_S3,s3-us-east-2,orig_term,8,294,21
DSET000114,Single-Family Historical Loan Performance,1,Single_Family_S3,s3-us-east-2,orig_term,9,324,20
DSET000114,Single-Family Historical Loan Performance,1,Single_Family_S3,s3-us-east-2,orig_term,10,0,1
DSET000114,Single-Family Historical Loan Performance,1,Single_Family_S3,s3-us-east-2,orig_upb,1,350000,129
DSET000114,Single-Family Historical Loan Performance,1,Single_Family_S3,s3-us-east-2,orig_upb,2,222000,126
DSET000114,Single-Family Historical Loan Performance,1,Single_Family_S3,s3-us-east-2,orig_upb,3,400000,120
DSET000114,Single-Family Historical Loan Performance,1,Single_Family_S3,s3-us-east-2,orig_upb,4,234000,99
DSET000114,Single-Family Historical Loan Performance,1,Single_Family_S3,s3-us-east-2,orig_upb,5,250000,93
DSET000114,Single-Family Historical Loan Performance,1,Single_Family_S3,s3-us-east-2,orig_upb,6,225000,88
DSET000114,Single-Family Historical Loan Performance,1,Single_Family_S3,s3-us-east-2,orig_upb,7,333000,87
DSET000114,Single-Family Historical Loan Performance,1,Single_Family_S3,s3-us-east-2,orig_upb,8,170000,87
DSET000114,Single-Family Historical Loan Performance,1,Single_Family_S3,s3-us-east-2,orig_upb,9,214000,87
DSET000114,Single-Family Historical Loan Performance,1,Single_Family_S3,s3-us-east-2,orig_upb,10,242000,86
DSET000114,Single-Family Historical Loan Performance,1,Single_Family_S3,s3-us-east-2,orig_upb,11,179000,86
DSET000114,Single-Family Historical Loan Performance,1,Single_Family_S3,s3-us-east-2,orig_upb,12,150000,84
DSET000114,Single-Family Historical Loan Performance,1,Single_Family_S3,s3-us-east-2,orig_upb,13,395000,84
DSET000114,Single-Family Historical Loan Performance,1,Single_Family_S3,s3-us-east-2,orig_upb,14,575000,82
DSET000114,Single-Family Historical Loan Performance,1,Single_Family_S3,s3-us-east-2,orig_upb,15,342000,82
DSET000114,Single-Family Historical Loan Performance,1,Single_Family_S3,s3-us-east-2,orig_upb,16,111000,81
DSET000114,Single-Family Historical Loan Performance,1,Single_Family_S3,s3-us-east-2,orig_upb,17,98000,81
DSET000114,Single-Family Historical Loan Performance,1,Single_Family_S3,s3-us-east-2,orig_upb,18,445000,81
DSET000114,Single-Family Historical Loan Performance,1,Single_Family_S3,s3-us-east-2,orig_upb,19,118000,79
DSET000114,Single-Family Historical Loan Performance,1,Single_Family_S3,s3-us-east-2,orig_upb,20,154000,76
DSET000114,Single-Family Historical Loan Performance,1,Single_Family_S3,s3-us-east-2,pay_hist,1,0,1309
DSET000114,Single-Family Historical Loan Performance,1,Single_Family_S3,s3-us-east-2,pay_hist,2,XXXXXXXXXXXXXXXXXXXXXXXXXXXXXXXXXXXXXXXXXXXXXX00,620
DSET000114,Single-Family Historical Loan Performance,1,Single_Family_S3,s3-us-east-2,pay_hist,3,XXXXXXXXXXXXXXXXXXXXXXXXXXXXXXXXXXXXXXXXXXXX0000,613
DSET000114,Single-Family Historical Loan Performance,1,Single_Family_S3,s3-us-east-2,pay_hist,4,XXXXXXXXXXXXXXXXXXXXXXXXXXXXXXXXXXXXXXXXXX000000,607
DSET000114,Single-Family Historical Loan Performance,1,Single_Family_S3,s3-us-east-2,pay_hist,5,,509
DSET000114,Single-Family Historical Loan Performance,1,Single_Family_S3,s3-us-east-2,pay_hist,6,XXXXXXXXXXXXXXXXXXXXXXXXXXXXXXXXXXXXXXXX00000000,441
DSET000114,Single-Family Historical Loan Performance,1,Single_Family_S3,s3-us-east-2,pay_hist,7,XXXXXXXXXXXXXXXXXXXXXXXXXXXXXXXXXXXXXX0000000000,429
DSET000114,Single-Family Historical Loan Performance,1,Single_Family_S3,s3-us-east-2,pay_hist,8,XXXXXXXXXXXXXXXXXXXXXXXXXXXXXXXXXXXX000000000000,425
DSET000114,Single-Family Historical Loan Performance,1,Single_Family_S3,s3-us-east-2,pay_hist,9,XXXXXXXXXXXXXXXXXXXXXXXXXXXXXXXXXX00000000000000,335
DSET000114,Single-Family Historical Loan Performance,1,Single_Family_S3,s3-us-east-2,pay_hist,10,XXXXXXXXXXXXXXXXXXXXXXXXXXXXXXXX0000000000000000,327
DSET000114,Single-Family Historical Loan Performance,1,Single_Family_S3,s3-us-east-2,pay_hist,11,XXXXXXXXXXXXXXXXXXXXXXXXXXXXXX000000000000000000,322
DSET000114,Single-Family Historical Loan Performance,1,Single_Family_S3,s3-us-east-2,pay_hist,12,XXXXXXXXXXXXXXXXXXXXXXXXXX0000000000000000000000,269
DSET000114,Single-Family Historical Loan Performance,1,Single_Family_S3,s3-us-east-2,pay_hist,13,XXXXXXXXXXXXXXXXXXXXXXXXXXXX00000000000000000000,267
DSET000114,Single-Family Historical Loan Performance,1,Single_Family_S3,s3-us-east-2,pay_hist,14,XXXXXXXXXXXXXXXXXXXXXXXX000000000000000000000000,264
DSET000114,Single-Family Historical Loan Performance,1,Single_Family_S3,s3-us-east-2,pay_hist,15,XXXXXXXXXXXXXXXXXXXXXX00000000000000000000000000,221
DSET000114,Single-Family Historical Loan Performance,1,Single_Family_S3,s3-us-east-2,pay_hist,16,XXXXXXXXXXXXXXXXXXXX0000000000000000000000000000,218
DSET000114,Single-Family Historical Loan Performance,1,Single_Family_S3,s3-us-east-2,pay_hist,17,XXXXXXXXXXXXXXXXXX000000000000000000000000000000,214
DSET000114,Single-Family Historical Loan Performance,1,Single_Family_S3,s3-us-east-2,pay_hist,18,XXXXXXXXXXXXXXXX00000000000000000000000000000000,179
DSET000114,Single-Family Historical Loan Performance,1,Single_Family_S3,s3-us-east-2,pay_hist,19,XXXXXXXXXXXXXX0000000000000000000000000000000000,175
DSET000114,Single-Family Historical Loan Performance,1,Single_Family_S3,s3-us-east-2,pay_hist,20,XXXXXXXXXXXX000000000000000000000000000000000000,171
DSET000114,Single-Family Historical Loan Performance,1,Single_Family_S3,s3-us-east-2,prepay_penalty_ind,1,N,9499
DSET000114,Single-Family Historical Loan Performance,1,Single_Family_S3,s3-us-east-2,prepay_penalty_ind,2,FRM,1
DSET000114,Single-Family Historical Loan Performance,1,Single_Family_S3,s3-us-east-2,prop_state,1,CA,1392
DSET000114,Single-Family Historical Loan Performance,1,Single_Family_S3,s3-us-east-2,prop_state,2,TX,810
DSET000114,Single-Family Historical Loan Performance,1,Single_Family_S3,s3-us-east-2,prop_state,3,OH,697
DSET000114,Single-Family Historical Loan Performance,1,Single_Family_S3,s3-us-east-2,prop_state,4,FL,668
DSET000114,Single-Family Historical Loan Performance,1,Single_Family_S3,s3-us-east-2,prop_state,5,NY,631
DSET000114,Single-Family Historical Loan Performance,1,Single_Family_S3,s3-us-east-2,prop_state,6,WA,423
DSET000114,Single-Family Historical Loan Performance,1,Single_Family_S3,s3-us-east-2,prop_state,7,IL,410
DSET000114,Single-Family Historical Loan Performance,1,Single_Family_S3,s3-us-east-2,prop_state,8,PA,327
DSET000114,Single-Family Historical Loan Performance,1,Single_Family_S3,s3-us-east-2,prop_state,9,GA,307
DSET000114,Single-Family Historical Loan Performance,1,Single_Family_S3,s3-us-east-2,prop_state,10,NJ,280
DSET000114,Single-Family Historical Loan Performance,1,Single_Family_S3,s3-us-east-2,prop_state,11,NC,269
DSET000114,Single-Family Historical Loan Performance,1,Single_Family_S3,s3-us-east-2,prop_state,12,NV,223
DSET000114,Single-Family Historical Loan Performance,1,Single_Family_S3,s3-us-east-2,prop_state,13,MA,220
DSET000114,Single-Family Historical Loan Performance,1,Single_Family_S3,s3-us-east-2,prop_state,14,CO,210
DSET000114,Single-Family Historical Loan Performance,1,Single_Family_S3,s3-us-east-2,prop_state,15,MN,192
DSET000114,Single-Family Historical Loan Performance,1,Single_Family_S3,s3-us-east-2,prop_state,16,AZ,189
DSET000114,Single-Family Historical Loan Performance,1,Single_Family_S3,s3-us-east-2,prop_state,17,LA,183
DSET000114,Single-Family Historical Loan Performance,1,Single_Family_S3,s3-us-east-2,prop_state,18,VA,179
DSET000114,Single-Family Historical Loan Performance,1,Single_Family_S3,s3-us-east-2,prop_state,19,AL,168
DSET000114,Single-Family Historical Loan Performance,1,Single_Family_S3,s3-us-east-2,prop_state,20,MI,152
DSET000114,Single-Family Historical Loan Performance,1,Single_Family_S3,s3-us-east-2,prop_type,1,SF,5639
DSET000114,Single-Family Historical Loan Performance,1,Single_Family_S3,s3-us-east-2,prop_type,2,PU,2759
DSET000114,Single-Family Historical Loan Performance,1,Single_Family_S3,s3-us-east-2,prop_type,3,CO,1005
DSET000114,Single-Family Historical Loan Performance,1,Single_Family_S3,s3-us-east-2,prop_type,4,MH,81
DSET000114,Single-Family Historical Loan Performance,1,Single_Family_S3,s3-us-east-2,prop_type,5,CP,15
DSET000114,Single-Family Historical Loan Performance,1,Single_Family_S3,s3-us-east-2,prop_type,8,P,1
DSET000114,Single-Family Historical Loan Performance,1,Single_Family_S3,s3-us-east-2,ref_pool_id,1,,9500
DSET000114,Single-Family Historical Loan Performance,1,Single_Family_S3,s3-us-east-2,removal_upb,1,,9397
DSET000114,Single-Family Historical Loan Performance,1,Single_Family_S3,s3-us-east-2,removal_upb,2,261987.26,1
DSET000114,Single-Family Historical Loan Performance,1,Single_Family_S3,s3-us-east-2,removal_upb,3,319756.98,1
DSET000114,Single-Family Historical Loan Performance,1,Single_Family_S3,s3-us-east-2,removal_upb,4,323453.67,1
DSET000114,Single-Family Historical Loan Performance,1,Single_Family_S3,s3-us-east-2,removal_upb,5,255000,1
DSET000114,Single-Family Historical Loan Performance,1,Single_Family_S3,s3-us-east-2,removal_upb,6,757000,1
DSET000114,Single-Family Historical Loan Performance,1,Single_Family_S3,s3-us-east-2,removal_upb,7,325000,1
DSET000114,Single-Family Historical Loan Performance,1,Single_Family_S3,s3-us-east-2,removal_upb,8,300000,1
DSET000114,Single-Family Historical Loan Performance,1,Single_Family_S3,s3-us-east-2,removal_upb,9,299744.28,1
DSET000114,Single-Family Historical Loan Performance,1,Single_Family_S3,s3-us-east-2,removal_upb,10,319451.21,1
DSET000114,Single-Family Historical Loan Performance,1,Single_Family_S3,s3-us-east-2,removal_upb,11,335639.62,1
DSET000114,Single-Family Historical Loan Performance,1,Single_Family_S3,s3-us-east-2,removal_upb,12,246102.27,1
DSET000114,Single-Family Historical Loan Performance,1,Single_Family_S3,s3-us-east-2,removal_upb,13,299000,1
DSET000114,Single-Family Historical Loan Performance,1,Single_Family_S3,s3-us-east-2,removal_upb,14,337935.51,1
DSET000114,Single-Family Historical Loan Performance,1,Single_Family_S3,s3-us-east-2,removal_upb,15,340767.06,1
DSET000114,Single-Family Historical Loan Performance,1,Single_Family_S3,s3-us-east-2,removal_upb,16,295534.64,1
DSET000114,Single-Family Historical Loan Performance,1,Single_Family_S3,s3-us-east-2,removal_upb,17,240207.35,1
DSET000114,Single-Family Historical Loan Performance,1,Single_Family_S3,s3-us-east-2,removal_upb,18,295149.46,1
DSET000114,Single-Family Historical Loan Performance,1,Single_Family_S3,s3-us-east-2,removal_upb,19,238533.09,1
DSET000114,Single-Family Historical Loan Performance,1,Single_Family_S3,s3-us-east-2,removal_upb,20,279000,1
DSET000114,Single-Family Historical Loan Performance,1,Single_Family_S3,s3-us-east-2,repurchase_date,1,,9499
DSET000114,Single-Family Historical Loan Performance,1,Single_Family_S3,s3-us-east-2,repurchase_date,2,201303.8,1
DSET000114,Single-Family Historical Loan Performance,1,Single_Family_S3,s3-us-east-2,rmng_mnth_legal_maturity,1,359,560
DSET000114,Single-Family Historical Loan Performance,1,Single_Family_S3,s3-us-east-2,rmng_mnth_legal_maturity,2,358,532
DSET000114,Single-Family Historical Loan Performance,1,Single_Family_S3,s3-us-east-2,rmng_mnth_legal_maturity,3,360,451
DSET000114,Single-Family Historical Loan Performance,1,Single_Family_S3,s3-us-east-2,rmng_mnth_legal_maturity,4,357,445
DSET000114,Single-Family Historical Loan Performance,1,Single_Family_S3,s3-us-east-2,rmng_mnth_legal_maturity,5,356,419
DSET000114,Single-Family Historical Loan Performance,1,Single_Family_S3,s3-us-east-2,rmng_mnth_legal_maturity,6,355,401
DSET000114,Single-Family Historical Loan Performance,1,Single_Family_S3,s3-us-east-2,rmng_mnth_legal_maturity,7,354,352
DSET000114,Single-Family Historical Loan Performance,1,Single_Family_S3,s3-us-east-2,rmng_mnth_legal_maturity,8,353,328
DSET000114,Single-Family Historical Loan Performance,1,Single_Family_S3,s3-us-east-2,rmng_mnth_legal_maturity,9,352,322
DSET000114,Single-Family Historical Loan Performance,1,Single_Family_S3,s3-us-east-2,rmng_mnth_legal_maturity,10,351,285
DSET000114,Single-Family Historical Loan Performance,1,Single_Family_S3,s3-us-east-2,rmng_mnth_legal_maturity,11,350,268
DSET000114,Single-Family Historical Loan Performance,1,Single_Family_S3,s3-us-east-2,rmng_mnth_legal_maturity,12,349,249
DSET000114,Single-Family Historical Loan Performance,1,Single_Family_S3,s3-us-east-2,rmng_mnth_legal_maturity,13,348,225
DSET000114,Single-Family Historical Loan Performance,1,Single_Family_S3,s3-us-east-2,rmng_mnth_legal_maturity,14,347,212
DSET000114,Single-Family Historical Loan Performance,1,Single_Family_S3,s3-us-east-2,rmng_mnth_legal_maturity,15,346,201
DSET000114,Single-Family Historical Loan Performance,1,Single_Family_S3,s3-us-east-2,rmng_mnth_legal_maturity,16,345,182
DSET000114,Single-Family Historical Loan Performance,1,Single_Family_S3,s3-us-east-2,rmng_mnth_legal_maturity,17,344,172
DSET000114,Single-Family Historical Loan Performance,1,Single_Family_S3,s3-us-east-2,rmng_mnth_legal_maturity,18,343,156
DSET000114,Single-Family Historical Loan Performance,1,Single_Family_S3,s3-us-east-2,rmng_mnth_legal_maturity,19,342,144
DSET000114,Single-Family Historical Loan Performance,1,Single_Family_S3,s3-us-east-2,rmng_mnth_legal_maturity,20,341,141
DSET000114,Single-Family Historical Loan Performance,1,Single_Family_S3,s3-us-east-2,rmng_mnth_maturity,1,359,523
DSET000114,Single-Family Historical Loan Performance,1,Single_Family_S3,s3-us-east-2,rmng_mnth_maturity,2,358,492
DSET000114,Single-Family Historical Loan Performance,1,Single_Family_S3,s3-us-east-2,rmng_mnth_maturity,3,360,434
DSET000114,Single-Family Historical Loan Performance,1,Single_Family_S3,s3-us-east-2,rmng_mnth_maturity,4,357,414
DSET000114,Single-Family Historical Loan Performance,1,Single_Family_S3,s3-us-east-2,rmng_mnth_maturity,5,356,403
DSET000114,Single-Family Historical Loan Performance,1,Single_Family_S3,s3-us-east-2,rmng_mnth_maturity,6,355,375
DSET000114,Single-Family Historical Loan Performance,1,Single_Family_S3,s3-us-east-2,rmng_mnth_maturity,7,354,347
DSET000114,Single-Family Historical Loan Performance,1,Single_Family_S3,s3-us-east-2,rmng_mnth_maturity,8,353,312
DSET000114,Single-Family Historical Loan Performance,1,Single_Family_S3,s3-us-east-2,rmng_mnth_maturity,9,352,293
DSET000114,Single-Family Historical Loan Performance,1,Single_Family_S3,s3-us-east-2,rmng_mnth_maturity,10,351,290
DSET000114,Single-Family Historical Loan Performance,1,Single_Family_S3,s3-us-east-2,rmng_mnth_maturity,11,350,277
DSET000114,Single-Family Historical Loan Performance,1,Single_Family_S3,s3-us-east-2,rmng_mnth_maturity,12,349,245
DSET000114,Single-Family Historical Loan Performance,1,Single_Family_S3,s3-us-east-2,rmng_mnth_maturity,13,348,231
DSET000114,Single-Family Historical Loan Performance,1,Single_Family_S3,s3-us-east-2,rmng_mnth_maturity,14,346,202
DSET000114,Single-Family Historical Loan Performance,1,Single_Family_S3,s3-us-east-2,rmng_mnth_maturity,15,347,192
DSET000114,Single-Family Historical Loan Performance,1,Single_Family_S3,s3-us-east-2,rmng_mnth_maturity,16,345,178
DSET000114,Single-Family Historical Loan Performance,1,Single_Family_S3,s3-us-east-2,rmng_mnth_maturity,17,344,163
DSET000114,Single-Family Historical Loan Performance,1,Single_Family_S3,s3-us-east-2,rmng_mnth_maturity,18,343,147
DSET000114,Single-Family Historical Loan Performance,1,Single_Family_S3,s3-us-east-2,rmng_mnth_maturity,19,342,141
DSET000114,Single-Family Historical Loan Performance,1,Single_Family_S3,s3-us-east-2,rmng_mnth_maturity,20,340,136
DSET000114,Single-Family Historical Loan Performance,1,Single_Family_S3,s3-us-east-2,seller_name,1,Other,4794
DSET000114,Single-Family Historical Loan Performance,1,Single_Family_S3,s3-us-east-2,seller_name,2,Rocket Mortgage,633
DSET000114,Single-Family Historical Loan Performance,1,Single_Family_S3,s3-us-east-2,seller_name,3,PennyMac Corp.,494
DSET000114,Single-Family Historical Loan Performance,1,Single_Family_S3,s3-us-east-2,seller_name,4,Wells Fargo Bank,485
DSET000114,Single-Family Historical Loan Performance,1,Single_Family_S3,s3-us-east-2,seller_name,5,United Wholesale Mortgage,461
DSET000114,Single-Family Historical Loan Performance,1,Single_Family_S3,s3-us-east-2,seller_name,6,JPMorgan Chase Bank,270
DSET000114,Single-Family Historical Loan Performance,1,Single_Family_S3,s3-us-east-2,seller_name,7,Fairway Independent Mortgage Corporation,267
DSET000114,Single-Family Historical Loan Performance,1,Single_Family_S3,s3-us-east-2,seller_name,8,loanDepot.com,189
DSET000114,Single-Family Historical Loan Performance,1,Single_Family_S3,s3-us-east-2,seller_name,9,Guaranteed Rate,186
DSET000114,Single-Family Historical Loan Performance,1,Single_Family_S3,s3-us-east-2,seller_name,10,United Shore Financial Services,178
DSET000114,Single-Family Historical Loan Performance,1,Single_Family_S3,s3-us-east-2,seller_name,11,Home Point Financial Corporation,141
DSET000114,Single-Family Historical Loan Performance,1,Single_Family_S3,s3-us-east-2,seller_name,12,U.S. Bank N.A.,131
DSET000114,Single-Family Historical Loan Performance,1,Single_Family_S3,s3-us-east-2,seller_name,13,Quicken Loans,121
DSET000114,Single-Family Historical Loan Performance,1,Single_Family_S3,s3-us-east-2,seller_name,14,Truist Bank (formerly SunTrust Bank),113
DSET000114,Single-Family Historical Loan Performance,1,Single_Family_S3,s3-us-east-2,seller_name,15,Movement Mortgage,110
DSET000114,Single-Family Historical Loan Performance,1,Single_Family_S3,s3-us-east-2,seller_name,16,Guild Mortgage Company LLC,109
DSET000114,Single-Family Historical Loan Performance,1,Single_Family_S3,s3-us-east-2,seller_name,17,NewRez LLC,78
DSET000114,Single-Family Historical Loan Performance,1,Single_Family_S3,s3-us-east-2,seller_name,18,Amerisave Mortgage Corporation,75
DSET000114,Single-Family Historical Loan Performance,1,Single_Family_S3,s3-us-east-2,seller_name,19,CrossCountry Mortgage,60
DSET000114,Single-Family Historical Loan Performance,1,Single_Family_S3,s3-us-east-2,seller_name,20,PennyMac Loan Services,54
DSET000114,Single-Family Historical Loan Performance,1,Single_Family_S3,s3-us-east-2,servicer_name,1,Other,3760
DSET000114,Single-Family Historical Loan Performance,1,Single_Family_S3,s3-us-east-2,servicer_name,2,Rocket Mortgage,556
DSET000114,Single-Family Historical Loan Performance,1,Single_Family_S3,s3-us-east-2,servicer_name,3,PennyMac Corp.,482
DSET000114,Single-Family Historical Loan Performance,1,Single_Family_S3,s3-us-east-2,servicer_name,4,Wells Fargo Bank,473
DSET000114,Single-Family Historical Loan Performance,1,Single_Family_S3,s3-us-east-2,servicer_name,5,Lakeview Loan Servicing,378
DSET000114,Single-Family Historical Loan Performance,1,Single_Family_S3,s3-us-east-2,servicer_name,6,United Wholesale Mortgage,353
DSET000114,Single-Family Historical Loan Performance,1,Single_Family_S3,s3-us-east-2,servicer_name,7,Freedom Mortgage Corp.,350
DSET000114,Single-Family Historical Loan Performance,1,Single_Family_S3,s3-us-east-2,servicer_name,8,JPMorgan Chase Bank,342
DSET000114,Single-Family Historical Loan Performance,1,Single_Family_S3,s3-us-east-2,servicer_name,9,NationStar Mortgage,305
DSET000114,Single-Family Historical Loan Performance,1,Single_Family_S3,s3-us-east-2,servicer_name,10,Matrix Financial Services Corporation,216
DSET000114,Single-Family Historical Loan Performance,1,Single_Family_S3,s3-us-east-2,servicer_name,11,Truist Bank (formerly SunTrust Bank),156
DSET000114,Single-Family Historical Loan Performance,1,Single_Family_S3,s3-us-east-2,servicer_name,12,Guaranteed Rate,155
DSET000114,Single-Family Historical Loan Performance,1,Single_Family_S3,s3-us-east-2,servicer_name,13,U.S. Bank N.A.,131
DSET000114,Single-Family Historical Loan Performance,1,Single_Family_S3,s3-us-east-2,servicer_name,14,loanDepot.com,127
DSET000114,Single-Family Historical Loan Performance,1,Single_Family_S3,s3-us-east-2,servicer_name,15,Pingora Loan Servicing,126
DSET000114,Single-Family Historical Loan Performance,1,Single_Family_S3,s3-us-east-2,servicer_name,16,New Residential Mortgage LLC,124
DSET000114,Single-Family Historical Loan Performance,1,Single_Family_S3,s3-us-east-2,servicer_name,17,LLC dba United Wholesale Mortgage,116
DSET000114,Single-Family Historical Loan Performance,1,Single_Family_S3,s3-us-east-2,servicer_name,18,,100
DSET000114,Single-Family Historical Loan Performance,1,Single_Family_S3,s3-us-east-2,servicer_name,19,Specialized Loan Servicing,98
DSET000114,Single-Family Historical Loan Performance,1,Single_Family_S3,s3-us-east-2,servicer_name,20,Guild Mortgage Company LLC,91
DSET000114,Single-Family Historical Loan Performance,1,Single_Family_S3,s3-us-east-2,upb_at_issuance,1,,9499
DSET000114,Single-Family Historical Loan Performance,1,Single_Family_S3,s3-us-east-2,upb_at_issuance,2,204000,1
DSET000114,Single-Family Historical Loan Performance,1,Single_Family_S3,s3-us-east-2,zb_code,1,,9398
DSET000114,Single-Family Historical Loan Performance,1,Single_Family_S3,s3-us-east-2,zb_code,2,1,98
DSET000114,Single-Family Historical Loan Performance,1,Single_Family_S3,s3-us-east-2,zb_code,3,6,4
DSET000114,Single-Family Historical Loan Performance,1,Single_Family_S3,s3-us-east-2,zb_effective_date,1,,9397
DSET000114,Single-Family Historical Loan Performance,1,Single_Family_S3,s3-us-east-2,zb_effective_date,2,62020,8
DSET000114,Single-Family Historical Loan Performance,1,Single_Family_S3,s3-us-east-2,zb_effective_date,3,102020,7
DSET000114,Single-Family Historical Loan Performance,1,Single_Family_S3,s3-us-east-2,zb_effective_date,4,82020,6
DSET000114,Single-Family Historical Loan Performance,1,Single_Family_S3,s3-us-east-2,zb_effective_date,5,92021,5
DSET000114,Single-Family Historical Loan Performance,1,Single_Family_S3,s3-us-east-2,zb_effective_date,6,82023,5
DSET000114,Single-Family Historical Loan Performance,1,Single_Family_S3,s3-us-east-2,zb_effective_date,7,112020,5
DSET000114,Single-Family Historical Loan Performance,1,Single_Family_S3,s3-us-east-2,zb_effective_date,8,72020,4
DSET000114,Single-Family Historical Loan Performance,1,Single_Family_S3,s3-us-east-2,zb_effective_date,9,12021,4
DSET000114,Single-Family Historical Loan Performance,1,Single_Family_S3,s3-us-east-2,zb_effective_date,10,102021,4
DSET000114,Single-Family Historical Loan Performance,1,Single_Family_S3,s3-us-east-2,zb_effective_date,11,52023,4
DSET000114,Single-Family Historical Loan Performance,1,Single_Family_S3,s3-us-east-2,zb_effective_date,12,72021,3
DSET000114,Single-Family Historical Loan Performance,1,Single_Family_S3,s3-us-east-2,zb_effective_date,13,92020,3
DSET000114,Single-Family Historical Loan Performance,1,Single_Family_S3,s3-us-east-2,zb_effective_date,14,92023,3
DSET000114,Single-Family Historical Loan Performance,1,Single_Family_S3,s3-us-east-2,zb_effective_date,15,82021,3
DSET000114,Single-Family Historical Loan Performance,1,Single_Family_S3,s3-us-east-2,zb_effective_date,16,32020,3
DSET000114,Single-Family Historical Loan Performance,1,Single_Family_S3,s3-us-east-2,zb_effective_date,17,32021,3
DSET000114,Single-Family Historical Loan Performance,1,Single_Family_S3,s3-us-east-2,zb_effective_date,18,22020,2
DSET000114,Single-Family Historical Loan Performance,1,Single_Family_S3,s3-us-east-2,zb_effective_date,19,62022,2
DSET000114,Single-Family Historical Loan Performance,1,Single_Family_S3,s3-us-east-2,zb_effective_date,20,42020,2
DSET000114,Single-Family Historical Loan Performance,1,Single_Family_S3,s3-us-east-2,zip_code,1,980,229
DSET000114,Single-Family Historical Loan Performance,1,Single_Family_S3,s3-us-east-2,zip_code,2,891,157
DSET000114,Single-Family Historical Loan Performance,1,Single_Family_S3,s3-us-east-2,zip_code,3,300,150
DSET000114,Single-Family Historical Loan Performance,1,Single_Family_S3,s3-us-east-2,zip_code,4,945,149
DSET000114,Single-Family Historical Loan Performance,1,Single_Family_S3,s3-us-east-2,zip_code,5,750,145
DSET000114,Single-Family Historical Loan Performance,1,Single_Family_S3,s3-us-east-2,zip_code,6,452,135
DSET000114,Single-Family Historical Loan Performance,1,Single_Family_S3,s3-us-east-2,zip_code,7,105,124
DSET000114,Single-Family Historical Loan Performance,1,Single_Family_S3,s3-us-east-2,zip_code,8,913,115
DSET000114,Single-Family Historical Loan Performance,1,Single_Family_S3,s3-us-east-2,zip_code,9,77,109
DSET000114,Single-Family Historical Loan Performance,1,Single_Family_S3,s3-us-east-2,zip_code,10,117,109
DSET000114,Single-Family Historical Loan Performance,1,Single_Family_S3,s3-us-east-2,zip_code,11,925,105
DSET000114,Single-Family Historical Loan Performance,1,Single_Family_S3,s3-us-east-2,zip_code,12,331,102
DSET000114,Single-Family Historical Loan Performance,1,Single_Family_S3,s3-us-east-2,zip_code,13,774,93
DSET000114,Single-Family Historical Loan Performance,1,Single_Family_S3,s3-us-east-2,zip_code,14,115,91
DSET000114,Single-Family Historical Loan Performance,1,Single_Family_S3,s3-us-east-2,zip_code,15,601,91
DSET000114,Single-Family Historical Loan Performance,1,Single_Family_S3,s3-us-east-2,zip_code,16,802,90
DSET000114,Single-Family Historical Loan Performance,1,Single_Family_S3,s3-us-east-2,zip_code,17,953,90
DSET000114,Single-Family Historical Loan Performance,1,Single_Family_S3,s3-us-east-2,zip_code,18,928,89
DSET000114,Single-Family Historical Loan Performance,1,Single_Family_S3,s3-us-east-2,zip_code,19,770,86
DSET000114,Single-Family Historical Loan Performance,1,Single_Family_S3,s3-us-east-2,zip_code,20,321,85
DSET000114,Single-Family Historical Loan Performance,1,Single_Family_S3,s3-us-east-2,ar_cost,1,,9500
DSET000114,Single-Family Historical Loan Performance,1,Single_Family_S3,s3-us-east-2,brwr_csr_curr,1,,9500
DSET000114,Single-Family Historical Loan Performance,1,Single_Family_S3,s3-us-east-2,brwr_csr_issuance,1,,9500
DSET000114,Single-Family Historical Loan Performance,1,Single_Family_S3,s3-us-east-2,ce_procs,1,,9500
DSET000114,Single-Family Historical Loan Performance,1,Single_Family_S3,s3-us-east-2,co_brwr_csr_curr,1,,9500
DSET000114,Single-Family Historical Loan Performance,1,Single_Family_S3,s3-us-east-2,co_brwr_csr_issuance,1,,9500
DSET000114,Single-Family Historical Loan Performance,1,Single_Family_S3,s3-us-east-2,curr_list_price,1,,9500
DSET000114,Single-Family Historical Loan Performance,1,Single_Family_S3,s3-us-east-2,curr_list_strt_date,1,,9500
DSET000114,Single-Family Historical Loan Performance,1,Single_Family_S3,s3-us-east-2,curr_tot_prinicipal,1,,1069
DSET000114,Single-Family Historical Loan Performance,1,Single_Family_S3,s3-us-east-2,curr_tot_prinicipal,2,0,731
DSET000114,Single-Family Historical Loan Performance,1,Single_Family_S3,s3-us-east-2,curr_tot_prinicipal,3,526.09,3
DSET000114,Single-Family Historical Loan Performance,1,Single_Family_S3,s3-us-east-2,curr_tot_prinicipal,4,614.23,3
DSET000114,Single-Family Historical Loan Performance,1,Single_Family_S3,s3-us-east-2,curr_tot_prinicipal,5,367.59,3
DSET000114,Single-Family Historical Loan Performance,1,Single_Family_S3,s3-us-east-2,curr_tot_prinicipal,6,437.05,3
DSET000114,Single-Family Historical Loan Performance,1,Single_Family_S3,s3-us-east-2,curr_tot_prinicipal,7,381.13,3
DSET000114,Single-Family Historical Loan Performance,1,Single_Family_S3,s3-us-east-2,curr_tot_prinicipal,8,377.95,3
DSET000114,Single-Family Historical Loan Performance,1,Single_Family_S3,s3-us-east-2,curr_tot_prinicipal,9,496.04,3
DSET000114,Single-Family Historical Loan Performance,1,Single_Family_S3,s3-us-east-2,curr_tot_prinicipal,10,2000,3
DSET000114,Single-Family Historical Loan Performance,1,Single_Family_S3,s3-us-east-2,curr_tot_prinicipal,11,500.72,2
DSET000114,Single-Family Historical Loan Performance,1,Single_Family_S3,s3-us-east-2,curr_tot_prinicipal,12,379.98,2
DSET000114,Single-Family Historical Loan Performance,1,Single_Family_S3,s3-us-east-2,curr_tot_prinicipal,13,128.74,2
DSET000114,Single-Family Historical Loan Performance,1,Single_Family_S3,s3-us-east-2,curr_tot_prinicipal,14,602.27,2
DSET000114,Single-Family Historical Loan Performance,1,Single_Family_S3,s3-us-east-2,curr_tot_prinicipal,15,436.05,2
DSET000114,Single-Family Historical Loan Performance,1,Single_Family_S3,s3-us-east-2,curr_tot_prinicipal,16,234.88,2
DSET000114,Single-Family Historical Loan Performance,1,Single_Family_S3,s3-us-east-2,curr_tot_prinicipal,17,379.33,2
DSET000114,Single-Family Historical Loan Performance,1,Single_Family_S3,s3-us-east-2,curr_tot_prinicipal,18,600.58,2
DSET000114,Single-Family Historical Loan Performance,1,Single_Family_S3,s3-us-east-2,curr_tot_prinicipal,19,378.84,2
DSET000114,Single-Family Historical Loan Performance,1,Single_Family_S3,s3-us-east-2,curr_tot_prinicipal,20,207.75,2
DSET000114,Single-Family Historical Loan Performance,1,Single_Family_S3,s3-us-east-2,curr_unschedule_prinicipal,1,,9500
DSET000114,Single-Family Historical Loan Performance,1,Single_Family_S3,s3-us-east-2,disp_date,1,,9500
DSET000114,Single-Family Historical Loan Performance,1,Single_Family_S3,s3-us-east-2,fcl_cost,1,,9500
DSET000114,Single-Family Historical Loan Performance,1,Single_Family_S3,s3-us-east-2,fcl_date,1,,9500
DSET000114,Single-Family Historical Loan Performance,1,Single_Family_S3,s3-us-east-2,lpi_date,1,,9500
DSET000114,Single-Family Historical Loan Performance,1,Single_Family_S3,s3-us-east-2,misc_cost,1,,9500
DSET000114,Single-Family Historical Loan Performance,1,Single_Family_S3,s3-us-east-2,mod_non_int_bear_upb,1,,9479
DSET000114,Single-Family Historical Loan Performance,1,Single_Family_S3,s3-us-east-2,mod_non_int_bear_upb,2,0,21
DSET000114,Single-Family Historical Loan Performance,1,Single_Family_S3,s3-us-east-2,mrtg_insur_type,1,,5366
DSET000114,Single-Family Historical Loan Performance,1,Single_Family_S3,s3-us-east-2,mrtg_insur_type,2,1,2526
DSET000114,Single-Family Historical Loan Performance,1,Single_Family_S3,s3-us-east-2,mrtg_insur_type,3,3,1581
DSET000114,Single-Family Historical Loan Performance,1,Single_Family_S3,s3-us-east-2,mrtg_insur_type,4,2,27
DSET000114,Single-Family Historical Loan Performance,1,Single_Family_S3,s3-us-east-2,net_sales_procs,1,,9500
DSET000114,Single-Family Historical Loan Performance,1,Single_Family_S3,s3-us-east-2,orig_list_pric,1,,9500
DSET000114,Single-Family Historical Loan Performance,1,Single_Family_S3,s3-us-east-2,orig_list_strt_date,1,,9500
DSET000114,Single-Family Historical Loan Performance,1,Single_Family_S3,s3-us-east-2,other_fcl_procs,1,,9500
DSET000114,Single-Family Historical Loan Performance,1,Single_Family_S3,s3-us-east-2,pp_cost,1,,9500
DSET000114,Single-Family Historical Loan Performance,1,Single_Family_S3,s3-us-east-2,principal_forgive_amt,1,,9313
DSET000114,Single-Family Historical Loan Performance,1,Single_Family_S3,s3-us-east-2,principal_forgive_amt,2,0,187
DSET000114,Single-Family Historical Loan Performance,1,Single_Family_S3,s3-us-east-2,repurchase_mkwhl_procs,1,,9500
DSET000114,Single-Family Historical Loan Performance,1,Single_Family_S3,s3-us-east-2,servicing_acvty_ind,1,N,9172
DSET000114,Single-Family Historical Loan Performance,1,Single_Family_S3,s3-us-east-2,servicing_acvty_ind,2,Y,225
DSET000114,Single-Family Historical Loan Performance,1,Single_Family_S3,s3-us-east-2,servicing_acvty_ind,3,,102
DSET000114,Single-Family Historical Loan Performance,1,Single_Family_S3,s3-us-east-2,servicing_acvty_ind,4,1,1
DSET000114,Single-Family Historical Loan Performance,1,Single_Family_S3,s3-us-east-2,tax_cost,1,,9500
DSET000114,Single-Family Historical Loan Performance,1,Single_Family_S3,s3-us-east-2,curr_mod_loss_amt,1,,9500
DSET000114,Single-Family Historical Loan Performance,1,Single_Family_S3,s3-us-east-2,cum_mod_loss_amt,2,,9500
DSET000114,Single-Family Historical Loan Performance,1,Single_Family_S3,s3-us-east-2,curr_ce_net_gainloss,1,,9500
DSET000114,Single-Family Historical Loan Performance,1,Single_Family_S3,s3-us-east-2,cum_ce_net_gainloss,1,,9500
DSET000114,Single-Family Historical Loan Performance,1,Single_Family_S3,s3-us-east-2,spcl_elgbl_prog,1,,981
DSET000114,Single-Family Historical Loan Performance,1,Single_Family_S3,s3-us-east-2,spcl_elgbl_prog,2,7,8519
DSET000114,Single-Family Historical Loan Performance,1,Single_Family_S3,s3-us-east-2,fcl_principal_writeoff_amt,1,,9312
DSET000114,Single-Family Historical Loan Performance,1,Single_Family_S3,s3-us-east-2,fcl_principal_writeoff_amt,2,0,187
DSET000114,Single-Family Historical Loan Performance,1,Single_Family_S3,s3-us-east-2,fcl_principal_writeoff_amt,3,H,1
DSET000114,Single-Family Historical Loan Performance,1,Single_Family_S3,s3-us-east-2,relo_mrtg_ind,1,,1
DSET000114,Single-Family Historical Loan Performance,1,Single_Family_S3,s3-us-east-2,relo_mrtg_ind,2,N,9428
DSET000114,Single-Family Historical Loan Performance,1,Single_Family_S3,s3-us-east-2,relo_mrtg_ind,3,Y,71
DSET000114,Single-Family Historical Loan Performance,1,Single_Family_S3,s3-us-east-2,zb_code_change_date,1,,9499
DSET000114,Single-Family Historical Loan Performance,1,Single_Family_S3,s3-us-east-2,zb_code_change_date,2,N,1
DSET000114,Single-Family Historical Loan Performance,1,Single_Family_S3,s3-us-east-2,holdback_ind,1,,9500
DSET000114,Single-Family Historical Loan Performance,1,Single_Family_S3,s3-us-east-2,holdback_effective_date,1,,9500
DSET000114,Single-Family Historical Loan Performance,1,Single_Family_S3,s3-us-east-2,dlq_accr_int,1,,9500
DSET000114,Single-Family Historical Loan Performance,1,Single_Family_S3,s3-us-east-2,prop_valu_method,1,,1
DSET000114,Single-Family Historical Loan Performance,1,Single_Family_S3,s3-us-east-2,prop_valu_method,2,A,7527
DSET000114,Single-Family Historical Loan Performance,1,Single_Family_S3,s3-us-east-2,prop_valu_method,3,P,12
DSET000114,Single-Family Historical Loan Performance,1,Single_Family_S3,s3-us-east-2,prop_valu_method,4,W,1960
DSET000114,Single-Family Historical Loan Performance,1,Single_Family_S3,s3-us-east-2,high_balance_loan_ind,1,A,1
DSET000114,Single-Family Historical Loan Performance,1,Single_Family_S3,s3-us-east-2,high_balance_loan_ind,2,N,8639
DSET000114,Single-Family Historical Loan Performance,1,Single_Family_S3,s3-us-east-2,high_balance_loan_ind,3,Y,860
DSET000114,Single-Family Historical Loan Performance,1,Single_Family_S3,s3-us-east-2,ARM_ini_fixed_rate_per,1,,9499
DSET000114,Single-Family Historical Loan Performance,1,Single_Family_S3,s3-us-east-2,ARM_ini_fixed_rate_per,2,N,1
DSET000114,Single-Family Historical Loan Performance,1,Single_Family_S3,s3-us-east-2,ARM_prod_type,1,,9500
DSET000114,Single-Family Historical Loan Performance,1,Single_Family_S3,s3-us-east-2,initial_fixed_rate_per,1,,9500
DSET000114,Single-Family Historical Loan Performance,1,Single_Family_S3,s3-us-east-2,int_rate_adj_freq,1,,9500
DSET000114,Single-Family Historical Loan Performance,1,Single_Family_S3,s3-us-east-2,next_int_rate_adj_date,1,,9500
DSET000114,Single-Family Historical Loan Performance,1,Single_Family_S3,s3-us-east-2,next_pmt_chng_date,1,,9500
DSET000114,Single-Family Historical Loan Performance,1,Single_Family_S3,s3-us-east-2,index,1,,9500
DSET000114,Single-Family Historical Loan Performance,1,Single_Family_S3,s3-us-east-2,ARM_cap_structure,1,,9500
DSET000114,Single-Family Historical Loan Performance,1,Single_Family_S3,s3-us-east-2,ini_int_rate_cap_per,1,,9500
DSET000114,Single-Family Historical Loan Performance,1,Single_Family_S3,s3-us-east-2,per_int_rate_cap_per,1,,9500
DSET000114,Single-Family Historical Loan Performance,1,Single_Family_S3,s3-us-east-2,lifetime_int_rate_cap_per,1,,9500
DSET000114,Single-Family Historical Loan Performance,1,Single_Family_S3,s3-us-east-2,mrtg_margin,1,,9500
DSET000114,Single-Family Historical Loan Performance,1,Single_Family_S3,s3-us-east-2,ARM_balloon_ind,1,,9500
DSET000114,Single-Family Historical Loan Performance,1,Single_Family_S3,s3-us-east-2,ARM_plan_num,1,,9500
DSET000114,Single-Family Historical Loan Performance,1,Single_Family_S3,s3-us-east-2,brwr_assist_plan,1,,763
DSET000114,Single-Family Historical Loan Performance,1,Single_Family_S3,s3-us-east-2,brwr_assist_plan,2,7,8737
DSET000114,Single-Family Historical Loan Performance,1,Single_Family_S3,s3-us-east-2,HLTV,1,,1
DSET000114,Single-Family Historical Loan Performance,1,Single_Family_S3,s3-us-east-2,HLTV,2,N,9499
DSET000114,Single-Family Historical Loan Performance,1,Single_Family_S3,s3-us-east-2,deal_name,1,,9499
DSET000114,Single-Family Historical Loan Performance,1,Single_Family_S3,s3-us-east-2,deal_name,2,N,1
DSET000114,Single-Family Historical Loan Performance,1,Single_Family_S3,s3-us-east-2,repurchase_mkwh_proc_flag,1,,9398
DSET000114,Single-Family Historical Loan Performance,1,Single_Family_S3,s3-us-east-2,repurchase_mkwh_proc_flag,2,N,98
DSET000114,Single-Family Historical Loan Performance,1,Single_Family_S3,s3-us-east-2,repurchase_mkwh_proc_flag,3,Y,4
DSET000114,Single-Family Historical Loan Performance,1,Single_Family_S3,s3-us-east-2,alt_dlq_reso,1,,581
DSET000114,Single-Family Historical Loan Performance,1,Single_Family_S3,s3-us-east-2,alt_dlq_reso,2,7,8919
DSET000114,Single-Family Historical Loan Performance,1,Single_Family_S3,s3-us-east-2,alt_dlq_reso_cnt,1,,9335
DSET000114,Single-Family Historical Loan Performance,1,Single_Family_S3,s3-us-east-2,alt_dlq_reso_cnt,2,1,155
DSET000114,Single-Family Historical Loan Performance,1,Single_Family_S3,s3-us-east-2,alt_dlq_reso_cnt,3,2,10
DSET000114,Single-Family Historical Loan Performance,1,Single_Family_S3,s3-us-east-2,tot_deferral_amt,1,,9335
DSET000114,Single-Family Historical Loan Performance,1,Single_Family_S3,s3-us-east-2,tot_deferral_amt,2,2679.96,17
DSET000114,Single-Family Historical Loan Performance,1,Single_Family_S3,s3-us-east-2,tot_deferral_amt,3,3449.33,19
DSET000114,Single-Family Historical Loan Performance,1,Single_Family_S3,s3-us-east-2,tot_deferral_amt,4,7371.4,10
DSET000114,Single-Family Historical Loan Performance,1,Single_Family_S3,s3-us-east-2,tot_deferral_amt,5,7995.9,37
DSET000114,Single-Family Historical Loan Performance,1,Single_Family_S3,s3-us-east-2,tot_deferral_amt,6,10069.09,1
DSET000114,Single-Family Historical Loan Performance,1,Single_Family_S3,s3-us-east-2,tot_deferral_amt,7,14378.63,32
DSET000114,Single-Family Historical Loan Performance,1,Single_Family_S3,s3-us-east-2,tot_deferral_amt,8,15595.74,29
DSET000114,Single-Family Historical Loan Performance,1,Single_Family_S3,s3-us-east-2,tot_deferral_amt,9,16833.46,18
DSET000114,Single-Family Historical Loan Performance,1,Single_Family_S3,s3-us-east-2,tot_deferral_amt,10,17405.57,1
DSET000114,Single-Family Historical Loan Performance,1,Single_Family_S3,s3-us-east-2,tot_deferral_amt,11,24729.77,1
DSET000114,Single-Family Historical Loan Performance,1,Single_Family_S3,s3-us-east-2,pay_deferral_mod_ind,1,,1
DSET000114,Single-Family Historical Loan Performance,1,Single_Family_S3,s3-us-east-2,pay_deferral_mod_ind,2,7,9499
DSET000114,Single-Family Historical Loan Performance,1,Single_Family_S3,s3-us-east-2,int_ubp,1,,9499
DSET000114,Single-Family Historical Loan Performance,1,Single_Family_S3,s3-us-east-2,int_ubp,2,7,1
